{
  "_meta": {
    "maxChars": {
      "welcome": "50"
    }
  },
  "en": {
    "welcome": "Welcome!",
    "title": "ROBERT QUEST",
    "title_sub": "Escape From Quadrant",
    "credits": "CREDITS",
    "credits_desc": "Written by: David Dionisio\nMusic from: Kevin Macleod",
    "play": "PLAY",
    "newGame": "NEW GAME",
    "continue": "CONTINUE",
    "options": "OPTIONS",
    "music": "MUSIC",
    "sound": "SOUND",
    "speech": "SPEECH",
    "on": "ON",
    "off": "OFF",
    "close": "CLOSE",
    "clear": "CLEAR",
    "origin": "Origin",
    "axisX": "X - Axis",
    "axisY": "Y - Axis",
    "axisX_positive": "X - Axis (+)",
    "axisX_negative": "X - Axis (-)",
    "axisY_positive": "Y - Axis (+)",
    "axisY_negative": "Y - Axis (-)",
    "quadrant1": "Quadrant 1",
    "quadrant2": "Quadrant 2",
    "quadrant3": "Quadrant 3",
    "quadrant4": "Quadrant 4",
    "hintTooltip": "Press this button to show hints.",
    "dragItemTip": "Drag the item to the designated point.",
    "playButtonTip": "Press this button to play.",
    "lesson1_begin": "In order to help Robert further, we must first learn about the coordinate plane.",
    "lesson1_0": "The coordinate plane is a two-dimensional surface made up of two lines: horizontal and vertical.",
    "lesson1_1": "First, the horizontal line: The X-axis.",
    "lesson1_2": "Starting from the origin, the positive X values go right.",
    "lesson1_3": "...and the negative X values go left.",
    "lesson1_4": "Now, the vertical line: The Y-axis.",
    "lesson1_5": "Starting from the origin, the positive Y values go up.",
    "lesson1_6": "...and the negative Y values go down.",
    "lesson1_7": "When you pair both the X and Y values together, you'll get a coordinate.",
    "lesson1_8": "The coordinate is where the X and Y axis lines intersect. Watch the two values change as Robert moves.",
    "lesson1_9": "Next up, we will go over the quadrants.",
    "lesson2_0": "The quadrants are the four sections of the coordinate plane.",
    "lesson2_1": "As you can see, the quadrants are divided by the X and Y axis from the origin.",
    "lesson2_2": "Each one determines the sign values of the X and Y: positive or negative.",
    "lesson2_3": "Now let's help Robert move from Quadrant 1 to Quadrant 2.",
    "lesson2_4": "Nice! Next stop: Quadrant 3.",
    "lesson2_5": "One last destination: Quadrant 4.",
    "lesson2_6": "Excellent! You are now ready to guide Robert back to his family.",
    "lesson3_0": "Now we will go over reflection.",
    "lesson3_1": "A point is reflected by flipping the signs of its values: positive to negative, and vice-versa.",
    "lesson3_2": "Here you can see the X value reflected across the Y-axis.",
    "lesson3_3": "…and the Y value, which is reflected across the X-axis.",
    "lesson3_4": "By reflecting both the X and Y values, you can see the line connecting both points run across the origin.",
    "lesson3_5": "The two points have an equal distance from the origin.",
    "lesson3_6": "Now let's put this into practice! Place the matching reflections on the highlighted tiles.",
    "intro_0": "This is Robert. He has been running in circles for ages.",
    "intro_1": "Please, break this cycle so that he may be reunited with his family!",
    "intro_2": "Excellent! With your guidance, Robert can finally move on.",
    "end_0": "After a long arduous journey, Robert is finally united with his family!",
    "end_1": "Thank you for playing!",
    "complete": "COMPLETE",
    "level_complete": "LEVEL COMPLETE",
    "quadrant_title": "QUADRANT",
    "quadrant_question": "Which quadrant will Robert teleport in?",
    "coord_question": "Please verify the teleportation coordinate.",
    "reflect_question": "What is the reflection of this coordinate?",
    "deployment": "DEPLOYMENT",
    "verify": "VERIFY",
    "out_of_bounds": "Out of Bounds!",
    "deploy_quad_0": "Before we begin, we must verify Robert's coordinates.",
    "deploy_quad_1": "First, you must choose the correct quadrant.",
    "deploy_coord_0": "Excellent! Now we need to input the actual coordinate numbers.",
    "deploy_coord_1": "Use the numpad to input the X and Y coordinates.",
    "deploy_coord_2": "You can switch which coordinates to input by pressing the left or right arrow.",
    "deploy_coord_3": "Once you are satisfied with the coordinate numbers, press the VERIFY button to proceed."
  },
  "es": {
    "welcome": "Bienvenido!",
    "title": "ROBERT QUEST",
    "title_sub": "Escapar del cuadrante",
    "credits": "CRÉDITOS",
    "credits_desc": "Escrito por: David Dionisio\nMúsica de: Kevin Macleod",
    "play": "JUGAR",
    "newGame": "NUEVO JUEGO",
    "continue": "CONTINUAR",
    "options": "OPCIONES",
    "music": "MÚSICA",
    "sound": "SONIDO",
    "speech": "DISCURSO",
    "on": "ENCENDIDO",
    "off": "APAGADO",
    "close": "CERCA",
    "clear": "CLARO",
    "origin": "Origen",
    "axisX": "El Eje X",
    "axisY": "El Eje Y",
    "axisX_positive": "El Eje X (+)",
    "axisX_negative": "El Eje X (-)",
    "axisY_positive": "El Eje Y(+)",
    "axisY_negative": "El Eje Y (-)",
    "quadrant1": "Cuadrante 1",
    "quadrant2": "Cuadrante 2",
    "quadrant3": "Cuadrante 3",
    "quadrant4": "Cuadrante 4",
    "hintTooltip": "Pulsa este botón para mostrar sugerencias.",
    "dragItemTip": "Arrastre el elemento hasta el punto designado.",
    "playButtonTip": "Pulsa este botón para jugar.",
    "lesson1_begin": "Para ayudar a Robert aún más, primero debemos aprender sobre el plano de coordenadas.",
    "lesson1_0": "El plano de coordenadas es una superficie bidimensional formada por dos líneas: horizontal y vertical.",
    "lesson1_1": "Primero, la línea horizontal: el eje X.",
    "lesson1_2": "A partir del origen, los valores X positivos van a la derecha.",
    "lesson1_3": "... y los valores X negativos van a la izquierda.",
    "lesson1_4": "Ahora, la línea vertical: el eje Y.",
    "lesson1_5": "A partir del origen, los valores Y positivos suben.",
    "lesson1_6": "... y los valores Y negativos bajan.",
    "lesson1_7": "Cuando emparejas los valores X e Y juntos, obtendás una coordenada.",
    "lesson1_8": "La coordenada es donde se cruzan las líneas de los ejes X e Y. Observa que los dos valores cambian a medida que Robert se mueve.",
    "lesson1_9": "A continuación, repasaremos los cuadrantes.",
    "lesson2_0": "Los cuadrantes son las cuatro secciones del plano de coordenadas.",
    "lesson2_1": "Como puedes ver, los cuadrantes están divididos por los ejes X e Y desde el origen.",
    "lesson2_2": "Cada uno determina los valores de signo del X e Y: positivos o negativos.",
    "lesson2_3": "Ahora vamos a ayudar a Robert a pasar del cuadrante 1 al cuadrante 2.",
    "lesson2_4": "¡Genial! El próximo paso: Cuadrante 3.",
    "lesson2_5": "Un último destino: Cuadrante 4.",
    "lesson2_6": "!Excelente! Ahora estás listo para guiar a Robert de vuelta a su familia.",
    "lesson3_0": "Ahora vamos a repasar la reflexión.",
    "lesson3_1": "Un punto se refleja al voltear los signos de sus valores: positivo a negativo y viceversa.",
    "lesson3_2": "Aquí puedes ver el valor X reflejado en el eje Y.",
    "lesson3_3": "... y el valor Y, que se refleja en el eje X.",
    "lesson3_4": "Al reflejar los valores X e Y, puede ver que la línea que conecta ambos puntos recorre el origen.",
    "lesson3_5": "Los dos puntos tienen la misma distancia del origen.",
    "lesson3_6": "¡Ahora pongamos esto en práctica! Coloque los reflejos coincidentes en las fichas resaltadas.",
    "intro_0": "Este es Robert. Ha estado corriendo en círculos durante años.",
    "intro_1": "Por favor, rompe este ciclo para que pueda reunirse con su familia.",
    "intro_2": "¡Excelente!  Con tu dirección, Robert finalmente puede seguir adelante.",
    "end_0": "Después de un largo y arduo viaje, Robert finalmente se une a su familia.",
    "end_1": "¡Gracias por jugar!",
    "complete": "COMPLETO",
    "level_complete": "NIVEL COMPLETO",
    "quadrant_title": "CUADRANTE",
    "quadrant_question": "¿En qué cuadrante se teletransportará Robert?",
    "coord_question": "",
    "reflect_question": "",
    "deployment": "",
    "verify": "",
    "out_of_bounds": "",
    "deploy_quad_0": "",
    "deploy_quad_1": "",
    "deploy_coord_0": "",
    "deploy_coord_1": "",
    "deploy_coord_2": "",
    "deploy_coord_3": ""
  }
}